filename,width,height,class,xmin,ymin,xmax,ymax
294_64-framed995-1.jpg,1280,612,ball,345,420,399,471
294_64-framed713-1.jpg,1280,612,ball,816,421,877,494
294_64-framed5509-1.jpg,1280,612,ball,743,371,793,425
294_64-framed5368-1.jpg,1280,612,ball,816,354,881,417
294_64-framed5227-1.jpg,1280,612,ball,1036,417,1097,473
294_64-framed5086-1.jpg,1280,612,ball,877,379,936,442
294_64-framed4522-1.jpg,1280,612,ball,391,324,446,389
294_64-framed4239-1.jpg,1280,612,ball,645,458,699,521
294_64-framed3111-1.jpg,1280,612,ball,728,448,770,492
294_64-framed2970-1.jpg,1280,612,ball,787,421,835,471
294_64-framed290-1.jpg,1280,612,ball,733,381,800,452
294_64-framed2829-1.jpg,1280,612,ball,814,408,860,452
294_64-framed2547-1.jpg,1280,612,ball,684,406,731,450
294_64-framed2265-1.jpg,1280,612,ball,630,389,680,431
294_64-framed1982-1.jpg,1280,612,ball,477,362,521,404
294_64-framed1700-1.jpg,1280,612,ball,703,362,754,421
294_64-framed149-1.jpg,1280,612,ball,664,419,718,469
294_64-framed1418-1.jpg,1280,612,ball,890,345,950,400
294_64-framed1277-1.jpg,1280,612,ball,894,316,950,375
294_63-framed527.jpg,1280,720,ball,825,444,896,498
294_63-framed419.jpg,1280,720,ball,888,429,938,479
294_63-framed257.jpg,1280,720,ball,588,381,672,484
294_63-framed1716.jpg,1280,720,ball,507,306,594,385
294_63-framed1662.jpg,1280,720,ball,578,406,641,486
294_63-framed1554.jpg,1280,720,ball,571,515,689,630
294_63-framed1500.jpg,1280,720,ball,664,467,735,536
294_63-framed149.jpg,1280,720,ball,504,507,634,643
294_63-framed1338.jpg,1280,720,ball,613,452,695,536
294_61-framed963-1.jpg,1280,612,ball,705,513,846,611
294_61-framed907-1.jpg,1280,612,ball,622,396,743,523
294_61-framed795-1.jpg,1280,612,ball,496,406,561,481
294_61-framed571-1.jpg,1280,612,ball,653,394,731,467
294_61-framed460-1.jpg,1280,612,ball,519,563,578,611
294_61-framed236-1.jpg,1280,612,ball,620,450,680,496
294_61-framed1689-1.jpg,1280,612,ball,655,379,708,435
294_61-framed1521-1.jpg,1280,612,ball,632,377,684,414
294_61-framed1298-1.jpg,1280,612,ball,498,477,615,584
294_61-framed1242-1.jpg,1280,612,ball,655,431,768,542
294_61-framed1130-1.jpg,1280,612,ball,659,291,777,427
294_60-framed9100-1.jpg,1280,612,ball,664,205,693,228
294_60-framed7473-1.jpg,1280,612,ball,548,341,586,391
294_60-framed7066-1.jpg,1280,612,ball,477,260,548,327
294_60-framed5845-1.jpg,1280,612,ball,720,364,798,448
294_60-framed5438-1.jpg,1280,612,ball,299,335,343,391
294_60-framed4218-1.jpg,1280,612,ball,743,128,760,142
294_60-framed3811-1.jpg,1280,612,ball,582,117,611,138
294_60-framed2997-1.jpg,1280,612,ball,0,381,54,473
294_60-framed27001-1.jpg,1280,612,ball,651,232,714,289
294_60-framed26187-1.jpg,1280,612,ball,546,142,563,163
294_60-framed25373-1.jpg,1280,612,ball,919,412,1001,488
294_60-framed24560-1.jpg,1280,612,ball,128,324,197,389
294_60-framed23339-1.jpg,1280,612,ball,394,394,442,429
294_60-framed21712-1.jpg,1280,612,ball,364,234,394,255
294_60-framed20085-1.jpg,1280,612,ball,835,417,902,481
294_60-framed18457-1.jpg,1280,612,ball,848,237,864,249
294_60-framed18050-1.jpg,1280,612,ball,680,218,710,237
294_60-framed17644-1.jpg,1280,612,ball,450,262,479,287
294_60-framed17237-1.jpg,1280,612,ball,553,249,580,272
294_60-framed16423-1.jpg,1280,612,ball,844,419,938,525
294_60-framed150-1.jpg,1280,612,ball,666,205,687,226
294_60-framed14796-1.jpg,1280,612,ball,659,314,705,360
294_53-framed5298-1.jpg,1280,619,ball,0,484,178,619
294_53-framed2567-1.jpg,1280,619,ball,841,8,892,57
294_52-framed8194-1.jpg,1280,626,ball,742,368,784,412
294_52-framed6585-1.jpg,1280,626,ball,657,406,695,438
294_52-framed5781-1.jpg,1280,626,ball,630,435,670,469
294_52-framed552-1.jpg,1280,626,ball,622,266,657,294
294_52-framed4976-1.jpg,1280,626,ball,478,391,516,423
294_52-framed3770-1.jpg,1280,626,ball,490,330,528,364
294_52-framed31122-1.jpg,1280,626,ball,820,446,850,488
294_52-framed30720-1.jpg,1280,626,ball,850,402,877,436
294_52-framed30318-1.jpg,1280,626,ball,731,539,765,575
294_52-framed29916-1.jpg,1280,626,ball,725,482,753,512
294_52-framed2965-1.jpg,1280,626,ball,275,359,307,395
294_52-framed29513-1.jpg,1280,626,ball,698,465,732,499
294_52-framed29111-1.jpg,1280,626,ball,226,381,249,400
294_52-framed28307-1.jpg,1280,626,ball,634,480,660,512
294_52-framed27904-1.jpg,1280,626,ball,613,457,641,488
294_52-framed26698-1.jpg,1280,626,ball,668,455,689,486
294_52-framed25491-1.jpg,1280,626,ball,672,486,708,516
294_52-framed24284-1.jpg,1280,626,ball,649,448,683,482
294_52-framed2161-1.jpg,1280,626,ball,609,345,647,380
294_52-framed21468-1.jpg,1280,626,ball,603,336,638,368
294_52-framed21066-1.jpg,1280,626,ball,634,389,668,417
294_52-framed20664-1.jpg,1280,626,ball,827,378,861,408
294_52-framed19859-1.jpg,1280,626,ball,820,343,852,374
294_52-framed19457-1.jpg,1280,626,ball,787,317,818,343
294_52-framed18653-1.jpg,1280,626,ball,717,328,750,361
294_52-framed17848-1.jpg,1280,626,ball,609,317,624,345
294_52-framed1758-1.jpg,1280,626,ball,573,321,607,353
294_52-framed16641-1.jpg,1280,626,ball,749,370,785,400
294_52-framed15837-1.jpg,1280,626,ball,754,420,772,448
294_52-framed15033-1.jpg,1280,626,ball,826,348,862,379
294_52-framed1356-1.jpg,1280,626,ball,574,279,607,309
294_51-framed9804-1.jpg,1280,598,ball,598,480,706,598
294_51-framed953-1.jpg,1280,598,ball,675,199,740,256
294_51-framed6988-1.jpg,1280,598,ball,651,323,722,388
294_51-framed6586-1.jpg,1280,598,ball,673,360,754,439
294_51-framed6183-1.jpg,1280,598,ball,647,333,718,403
294_51-framed5781-1.jpg,1280,598,ball,516,272,602,358
294_51-framed5379-1.jpg,1280,598,ball,240,246,325,325
294_51-framed4574-1.jpg,1280,598,ball,996,344,1078,427
294_51-framed38369-1.jpg,1280,540,ball,767,512,828,541
294_51-framed3769-1.jpg,1280,598,ball,366,295,449,366
294_51-framed35955-1.jpg,1280,540,ball,687,445,740,502
294_51-framed35151-1.jpg,1280,540,ball,702,443,746,506
294_51-framed34748-1.jpg,1280,540,ball,691,443,738,494
294_51-framed33139-1.jpg,1280,598,ball,695,279,817,437
294_51-framed32737-1.jpg,1280,598,ball,687,283,830,427
294_51-framed31932-1.jpg,1280,598,ball,624,346,738,458
294_51-framed31530-1.jpg,1280,598,ball,734,413,844,529
294_51-framed29116-1.jpg,1280,598,ball,409,484,512,590
294_51-framed27506-1.jpg,1280,598,ball,691,333,809,447
294_51-framed27104-1.jpg,1280,598,ball,618,285,677,352
294_51-framed25495-1.jpg,1280,598,ball,813,458,899,533
294_51-framed25093-1.jpg,1280,598,ball,673,368,736,433
294_51-framed21069-1.jpg,1280,598,ball,946,167,1017,244
294_51-framed17851-1.jpg,1280,598,ball,647,447,797,594
294_51-framed17448-1.jpg,1280,598,ball,673,405,801,582
294_51-framed14632-1.jpg,1280,598,ball,114,384,205,472
294_51-framed14230-1.jpg,1280,598,ball,423,409,525,506
294_51-framed13425-1.jpg,1280,598,ball,498,401,588,498
294_51-framed11816-1.jpg,1280,598,ball,336,329,443,462
294_51-framed11011-1.jpg,1280,598,ball,484,220,533,272
294_50-framed995.jpg,1280,720,ball,704,496,811,600
294_50-framed4524.jpg,1280,720,ball,549,512,641,602
294_50-framed4383.jpg,1280,720,ball,451,441,561,551
294_50-framed3819.jpg,1280,720,ball,962,569,1088,702
294_50-framed3536.jpg,1280,720,ball,275,258,417,368
294_50-framed3254.jpg,1280,720,ball,750,411,856,535
294_50-framed3113.jpg,1280,720,ball,620,484,744,614
294_50-framed2972.jpg,1280,720,ball,939,464,1053,586
294_50-framed2407.jpg,1280,720,ball,616,474,706,567
294_50-framed2266.jpg,1280,720,ball,614,360,685,429
294_50-framed2125.jpg,1280,720,ball,254,480,333,569
294_50-framed1984.jpg,1280,720,ball,191,482,275,555
294_50-framed1842.jpg,1280,720,ball,0,417,83,502
294_50-framed1137.jpg,1280,720,ball,689,407,791,531
294_49-framed722.jpg,1280,720,ball,964,403,1007,451
294_49-framed6316.jpg,1280,720,ball,850,423,905,480
294_49-framed6172.jpg,1280,720,ball,834,415,882,480
294_49-framed6029.jpg,1280,720,ball,521,388,580,453
294_49-framed579.jpg,1280,720,ball,970,384,1029,437
294_49-framed5742.jpg,1280,720,ball,905,376,952,425
294_49-framed5025.jpg,1280,720,ball,1027,350,1078,399
294_49-framed435.jpg,1280,720,ball,958,388,1015,441
294_49-framed4308.jpg,1280,720,ball,870,309,952,397
294_49-framed3734.jpg,1280,720,ball,630,370,722,474
294_49-framed3017.jpg,1280,720,ball,626,350,724,443
294_49-framed2587.jpg,1280,720,ball,956,358,1021,443
294_49-framed2300.jpg,1280,720,ball,791,350,868,439
294_49-framed1870.jpg,1280,720,ball,620,340,691,415
294_49-framed149.jpg,1280,720,ball,1082,413,1124,449
294_49-framed1009.jpg,1280,720,ball,1137,413,1224,492
294_48-framed598.jpg,1280,720,ball,716,413,777,480
294_48-framed486.jpg,1280,720,ball,409,429,470,496
294_48-framed429.jpg,1280,720,ball,671,508,728,582
294_48-framed3744.jpg,1280,720,ball,386,429,490,523
294_48-framed3688.jpg,1280,720,ball,612,549,673,606
294_48-framed3575.jpg,1280,720,ball,876,439,933,508
294_48-framed3070.jpg,1280,720,ball,293,368,390,466
294_48-framed2620.jpg,1280,720,ball,726,490,885,645
294_48-framed261.jpg,1280,720,ball,547,533,628,608
294_48-framed2396.jpg,1280,720,ball,754,413,809,474
294_48-framed205.jpg,1280,720,ball,632,561,697,641
294_48-framed2002.jpg,1280,720,ball,413,458,468,523
294_48-framed1946.jpg,1280,720,ball,266,478,331,559
294_48-framed1553.jpg,1280,720,ball,287,451,348,531
294_48-framed1384.jpg,1280,720,ball,742,447,821,535
294_48-framed1328.jpg,1280,720,ball,722,435,807,516
294_48-framed1272.jpg,1280,720,ball,789,486,882,586
294_48-framed1216.jpg,1280,720,ball,726,403,817,498
294_48-framed1047.jpg,1280,720,ball,535,403,590,464
292_29-framed5155.jpg,1280,720,ball,545,466,657,600
292_29-framed5012.jpg,1280,720,ball,600,516,736,649
292_29-framed3430.jpg,1280,720,ball,279,370,360,462
292_29-framed2999.jpg,1280,720,ball,523,521,622,616
292_29-framed2424.jpg,1280,720,ball,667,358,809,500
292_28-framed959.jpg,1280,720,ball,852,295,882,329
292_28-framed905.jpg,1280,720,ball,643,299,679,338
292_28-framed851.jpg,1280,720,ball,647,283,673,331
292_28-framed311.jpg,1280,720,ball,641,313,664,340
292_28-framed203.jpg,1280,720,ball,641,307,666,332
292_28-framed1607.jpg,1280,720,ball,924,287,947,304
292_28-framed1445.jpg,1280,720,ball,1076,307,1097,326
292_28-framed1391.jpg,1280,720,ball,1163,406,1192,431
292_27-framed855.jpg,1280,720,ball,436,349,463,380
292_27-framed713.jpg,1280,720,ball,603,370,641,410
292_27-framed6504.jpg,1280,720,ball,524,400,579,463
292_27-framed4950.jpg,1280,720,ball,569,393,617,448
292_27-framed431.jpg,1280,720,ball,374,273,435,330
292_27-framed4103.jpg,1280,720,ball,639,471,727,560
292_27-framed3679.jpg,1280,720,ball,427,512,490,567
292_27-framed3397.jpg,1280,720,ball,391,402,455,459
292_27-framed2832.jpg,1280,720,ball,539,416,617,488
292_27-framed2408.jpg,1280,720,ball,689,452,763,524
292_27-framed1561.jpg,1280,720,ball,651,368,679,402
292_27-framed1278.jpg,1280,720,ball,452,370,486,404
292_26-framed888.jpg,960,720,ball,369,374,421,437
292_26-framed831.jpg,960,720,ball,603,181,623,201
292_26-framed718.jpg,960,720,ball,525,194,545,212
292_26-framed547.jpg,960,720,ball,447,169,464,184
292_26-framed3278.jpg,960,720,ball,56,454,97,495
292_26-framed3108.jpg,960,720,ball,95,453,138,491
292_26-framed2994.jpg,960,720,ball,125,441,167,480
292_26-framed2880.jpg,960,720,ball,124,441,172,478
292_26-framed2709.jpg,960,720,ball,128,440,165,481
292_26-framed2595.jpg,960,720,ball,438,285,474,320
292_26-framed2425.jpg,960,720,ball,430,475,457,501
292_26-framed2254.jpg,960,720,ball,300,337,322,360
292_26-framed2197.jpg,960,720,ball,299,337,323,359
292_26-framed2026.jpg,960,720,ball,323,361,360,397
292_26-framed1969.jpg,960,720,ball,332,356,374,398
292_26-framed1742.jpg,960,720,ball,581,391,660,470
292_26-framed1685.jpg,960,720,ball,582,386,660,472
292_26-framed1628.jpg,960,720,ball,558,328,633,392
292_26-framed1571.jpg,960,720,ball,561,322,637,398
292_26-framed1514.jpg,960,720,ball,564,333,628,396
292_26-framed1002.jpg,960,720,ball,342,579,448,682
292_25-framed5796-1.jpg,1280,612,ball,554,421,655,524
292_25-framed4986-1.jpg,1280,612,ball,638,343,727,431
292_25-framed2960-1.jpg,1280,612,ball,300,431,368,497
292_25-framed24836-1.jpg,1280,612,ball,763,357,818,417
292_25-framed23621-1.jpg,1280,612,ball,603,372,696,469
292_25-framed22406-1.jpg,1280,612,ball,214,399,315,495
292_25-framed22001-1.jpg,1280,612,ball,550,383,636,480
292_25-framed21595-1.jpg,1280,612,ball,607,385,700,474
292_25-framed19570-1.jpg,1280,612,ball,465,201,507,241
292_25-framed16329-1.jpg,1280,612,ball,539,374,630,461
292_24-framed9854-1.jpg,1280,598,ball,520,269,584,353
292_24-framed9426-1.jpg,1280,598,ball,884,233,972,326
292_24-framed8997-1.jpg,1280,598,ball,888,262,1000,374
292_24-framed8855-1.jpg,1280,598,ball,886,262,1004,378
292_24-framed8712-1.jpg,1280,598,ball,888,266,1000,380
292_24-framed8569-1.jpg,1280,598,ball,888,266,998,374
292_15-framed4490.jpg,1280,720,ball,586,53,718,177
292_15-framed4262.jpg,1280,720,ball,797,426,904,512
292_15-framed4205.jpg,1280,720,ball,804,369,904,456
292_15-framed3976.jpg,1280,720,ball,230,473,305,548
292_15-framed3919.jpg,1280,720,ball,350,369,433,448
292_15-framed3862.jpg,1280,720,ball,595,388,686,486
292_15-framed3805.jpg,1280,720,ball,301,435,420,558
292_15-framed3633.jpg,1280,720,ball,714,469,793,544
292_15-framed3519.jpg,1280,720,ball,499,428,580,505
292_15-framed3462.jpg,1280,720,ball,887,394,995,509
292_15-framed3233.jpg,1280,720,ball,816,569,895,652
292_15-framed320.jpg,1280,720,ball,1015,452,1083,516
292_15-framed3176.jpg,1280,720,ball,787,473,868,565
292_15-framed2948.jpg,1280,720,ball,740,386,819,471
292_15-framed2834.jpg,1280,720,ball,610,416,720,524
292_15-framed2776.jpg,1280,720,ball,490,390,554,454
292_15-framed2719.jpg,1280,720,ball,795,407,872,475
292_15-framed2605.jpg,1280,720,ball,804,418,889,503
292_15-framed2491.jpg,1280,720,ball,934,433,1025,520
292_15-framed2434.jpg,1280,720,ball,929,428,1030,516
292_15-framed2377.jpg,1280,720,ball,885,411,961,480
292_15-framed2319.jpg,1280,720,ball,936,456,1023,535
292_15-framed2262.jpg,1280,720,ball,904,347,989,439
292_15-framed2205.jpg,1280,720,ball,946,426,1040,512
292_15-framed2148.jpg,1280,720,ball,961,446,1066,541
292_15-framed1691.jpg,1280,720,ball,576,365,667,458
292_15-framed1462.jpg,1280,720,ball,509,420,588,488
292_14-framed975.jpg,1280,720,ball,357,469,482,594
292_14-framed2166.jpg,1280,720,ball,376,452,482,545
292_14-framed2110.jpg,1280,720,ball,283,452,389,560
292_14-framed1543.jpg,1280,720,ball,173,486,330,649
291_9-framed9570.jpg,1280,720,ball,445,386,478,429
291_9-framed8856.jpg,1280,720,ball,447,392,480,425
291_9-framed8571.jpg,1280,720,ball,441,388,484,435
291_9-framed8428.jpg,1280,720,ball,441,394,482,435
291_9-framed8285.jpg,1280,720,ball,437,394,486,431
291_9-framed8000.jpg,1280,720,ball,439,388,482,433
291_9-framed7143.jpg,1280,720,ball,455,380,492,443
291_9-framed6858.jpg,1280,720,ball,496,411,535,449
291_9-framed6715.jpg,1280,720,ball,492,411,533,445
291_9-framed6572.jpg,1280,720,ball,494,413,533,447
291_9-framed6430.jpg,1280,720,ball,490,405,539,447
291_9-framed6287.jpg,1280,720,ball,496,409,535,453
291_9-framed6144.jpg,1280,720,ball,663,429,706,472
291_9-framed5859.jpg,1280,720,ball,665,429,708,472
291_9-framed5573.jpg,1280,720,ball,771,437,832,492
291_9-framed5002.jpg,1280,720,ball,860,425,887,468
291_9-framed4859.jpg,1280,720,ball,838,427,874,462
291_9-framed4431.jpg,1280,720,ball,838,433,872,466
291_9-framed4146.jpg,1280,720,ball,834,421,864,464
291_9-framed3717.jpg,1280,720,ball,840,427,876,466
291_9-framed3575.jpg,1280,720,ball,838,429,872,460
291_9-framed2718.jpg,1280,720,ball,43,429,87,482
291_9-framed2575.jpg,1280,720,ball,173,441,218,494
291_9-framed2290.jpg,1280,720,ball,116,455,167,521
291_9-framed2004.jpg,1280,720,ball,356,531,423,582
291_9-framed17993.jpg,1280,720,ball,256,508,307,582
291_9-framed17850.jpg,1280,720,ball,256,506,303,565
291_9-framed17707.jpg,1280,720,ball,230,533,289,588
291_9-framed1719.jpg,1280,720,ball,390,525,460,575
291_9-framed1576.jpg,1280,720,ball,386,525,447,575
291_9-framed14995.jpg,1280,720,ball,138,488,189,553
291_9-framed14709.jpg,1280,720,ball,144,502,191,553
291_9-framed14424.jpg,1280,720,ball,146,500,197,557
291_9-framed13996.jpg,1280,720,ball,155,502,183,549
291_9-framed13853.jpg,1280,720,ball,142,500,199,555
291_9-framed13710.jpg,1280,720,ball,148,500,191,547
291_9-framed13425.jpg,1280,720,ball,153,490,193,547
291_9-framed13139.jpg,1280,720,ball,144,502,197,547
291_9-framed10998.jpg,1280,720,ball,677,417,714,447
291_9-framed10570.jpg,1280,720,ball,836,425,876,462
291_9-framed10284.jpg,1280,720,ball,832,421,878,462
291_9-framed10141.jpg,1280,720,ball,834,419,874,472
291_9-framed1005.jpg,1280,720,ball,291,523,342,577
291_8-framed9398-1.jpg,1280,648,ball,854,132,880,159
291_8-framed925-1.jpg,1280,648,ball,405,523,500,608
291_8-framed6574-1.jpg,1280,648,ball,671,519,787,604
291_8-framed5767-1.jpg,1280,648,ball,425,405,490,458
291_8-framed3750-1.jpg,1280,648,ball,1033,437,1114,512
291_8-framed2943-1.jpg,1280,648,ball,653,537,787,649
291_8-framed28765-1.jpg,1280,648,ball,443,409,502,486
291_8-framed27958-1.jpg,1280,648,ball,303,561,439,649
291_8-framed26344-1.jpg,1280,648,ball,211,480,317,567
291_8-framed2539-1.jpg,1280,648,ball,516,533,645,649
291_8-framed23520-1.jpg,1280,648,ball,763,407,817,464
291_8-framed23117-1.jpg,1280,648,ball,758,403,809,476
291_8-framed22713-1.jpg,1280,648,ball,647,429,693,472
291_8-framed2136-1.jpg,1280,648,ball,1163,364,1196,409
291_8-framed21099-1.jpg,1280,648,ball,468,439,535,486
291_8-framed19889-1.jpg,1280,648,ball,539,478,590,547
291_8-framed15451-1.jpg,1280,648,ball,592,470,689,577
291_8-framed14240-1.jpg,1280,648,ball,575,553,704,632
291_8-framed13837-1.jpg,1280,648,ball,551,437,702,580
291_8-framed13433-1.jpg,1280,648,ball,1000,462,1104,557
291_8-framed119-1.jpg,1280,648,ball,636,525,716,626
294_59-framed715.jpg,1280,720,ball,804,645,881,720
294_59-framed6381.jpg,1280,720,ball,408,475,498,565
294_59-framed5815.jpg,1280,720,ball,567,461,666,561
294_59-framed5390.jpg,1280,720,ball,749,454,829,534
294_59-framed4823.jpg,1280,720,ball,624,260,661,301
294_59-framed4540.jpg,1280,720,ball,659,607,785,720
294_59-framed4256.jpg,1280,720,ball,605,561,710,645
294_59-framed3973.jpg,1280,720,ball,456,442,538,527
294_59-framed3831.jpg,1280,720,ball,396,347,486,433
294_59-framed3690.jpg,1280,720,ball,839,408,936,500
294_59-framed3548.jpg,1280,720,ball,674,465,766,555
294_59-framed3407.jpg,1280,720,ball,563,414,620,473
294_59-framed2557.jpg,1280,720,ball,354,502,473,626
294_59-framed2132.jpg,1280,720,ball,199,525,316,643
294_59-framed1990.jpg,1280,720,ball,339,532,458,651
294_59-framed1565.jpg,1280,720,ball,513,427,578,488
294_59-framed149.jpg,1280,720,ball,789,500,854,569
294_58-framed939.jpg,1280,720,ball,504,232,555,276
294_58-framed769.jpg,1280,720,ball,507,224,551,283
294_58-framed431.jpg,1280,720,ball,509,230,546,270
294_58-framed4100.jpg,1280,720,ball,126,247,167,287
294_58-framed4043.jpg,1280,720,ball,123,249,170,287
294_58-framed3987.jpg,1280,720,ball,119,232,167,293
294_58-framed3761.jpg,1280,720,ball,190,301,262,352
294_58-framed3704.jpg,1280,720,ball,199,299,257,350
294_58-framed3648.jpg,1280,720,ball,201,291,255,350
294_58-framed3592.jpg,1280,720,ball,197,295,255,343
294_58-framed3422.jpg,1280,720,ball,205,297,253,347
294_58-framed3309.jpg,1280,720,ball,36,295,92,339
294_58-framed3196.jpg,1280,720,ball,117,274,167,314
294_58-framed3084.jpg,1280,720,ball,119,274,163,316
294_58-framed3027.jpg,1280,720,ball,113,272,167,324
294_58-framed2971.jpg,1280,720,ball,147,272,195,320
294_58-framed2801.jpg,1280,720,ball,144,276,193,318
294_58-framed2745.jpg,1280,720,ball,153,272,201,314
294_58-framed2519.jpg,1280,720,ball,260,247,304,280
294_58-framed2237.jpg,1280,720,ball,260,232,314,295
294_58-framed2180.jpg,1280,720,ball,266,239,306,285
294_58-framed2068.jpg,1280,720,ball,264,241,312,287
294_58-framed1785.jpg,1280,720,ball,502,232,546,274
294_58-framed1672.jpg,1280,720,ball,507,237,536,274
294_58-framed1616.jpg,1280,720,ball,502,230,548,278
294_58-framed1560.jpg,1280,720,ball,506,238,537,268
294_58-framed1503.jpg,1280,720,ball,509,239,536,283
294_58-framed1390.jpg,1280,720,ball,507,232,544,274
294_58-framed1164.jpg,1280,720,ball,511,239,553,274
294_58-framed1108.jpg,1280,720,ball,507,234,555,274
294_57-framed3416.jpg,1280,720,ball,406,379,574,521
294_57-framed3360.jpg,1280,720,ball,534,461,720,628
294_57-framed318.jpg,1280,720,ball,410,371,571,527
294_57-framed3078.jpg,1280,720,ball,1128,375,1237,479
294_57-framed3022.jpg,1280,720,ball,1070,385,1183,475
294_57-framed2965.jpg,1280,720,ball,113,548,222,636
294_57-framed2853.jpg,1280,720,ball,444,463,565,582
294_57-framed2796.jpg,1280,720,ball,362,471,481,569
294_57-framed2627.jpg,1280,720,ball,324,448,423,546
294_57-framed261.jpg,1280,720,ball,132,262,224,335
294_57-framed2571.jpg,1280,720,ball,607,335,655,387
294_57-framed2402.jpg,1280,720,ball,766,356,890,481
294_57-framed2346.jpg,1280,720,ball,262,373,322,437
294_57-framed1839.jpg,1280,720,ball,846,425,963,530
294_57-framed1557.jpg,1280,720,ball,461,356,538,427
294_57-framed1388.jpg,1280,720,ball,774,295,812,333
294_57-framed1275.jpg,1280,720,ball,781,350,825,400
294_56-framed7421.jpg,1280,720,ball,731,553,818,630
294_56-framed7278.jpg,1280,720,ball,770,548,854,634
294_56-framed7136.jpg,1280,720,ball,1055,569,1147,653
294_56-framed6708.jpg,1280,720,ball,381,471,425,509
294_56-framed6565.jpg,1280,720,ball,540,410,590,465
294_56-framed6137.jpg,1280,720,ball,398,435,450,473
294_56-framed576.jpg,1280,720,ball,850,515,906,582
294_56-framed5710.jpg,1280,720,ball,597,465,678,555
294_56-framed4997.jpg,1280,720,ball,421,448,546,586
294_56-framed4854.jpg,1280,720,ball,628,437,720,548
294_56-framed4712.jpg,1280,720,ball,896,410,940,437
294_56-framed4569.jpg,1280,720,ball,214,465,299,546
294_56-framed434.jpg,1280,720,ball,703,458,762,504
294_56-framed3999.jpg,1280,720,ball,678,446,749,515
294_56-framed3856.jpg,1280,720,ball,599,494,661,557
294_56-framed3000.jpg,1280,720,ball,833,527,938,611
294_56-framed291.jpg,1280,720,ball,722,456,791,517
294_56-framed2002.jpg,1280,720,ball,668,492,735,551
294_56-framed1717.jpg,1280,720,ball,306,540,408,624
294_56-framed1574.jpg,1280,720,ball,247,525,324,605
294_56-framed149.jpg,1280,720,ball,751,469,802,525
294_56-framed1004.jpg,1280,720,ball,670,467,737,527
294_55-framed9866-1.jpg,960,720,ball,625,430,663,477
294_55-framed9580-1.jpg,960,720,ball,630,425,658,458
294_55-framed9294-1.jpg,960,720,ball,622,396,656,432
294_55-framed9151-1.jpg,960,720,ball,631,436,686,474
294_55-framed9008-1.jpg,960,720,ball,305,477,334,520
294_55-framed8437-1.jpg,960,720,ball,297,527,322,557
294_55-framed8294-1.jpg,960,720,ball,305,493,352,527
294_55-framed7865-1.jpg,960,720,ball,454,440,499,479
294_55-framed7436-1.jpg,960,720,ball,388,501,419,540
294_55-framed7293-1.jpg,960,720,ball,485,425,520,463
294_55-framed6150-1.jpg,960,720,ball,584,403,615,438
294_55-framed5864-1.jpg,960,720,ball,129,534,151,562
294_55-framed5293-1.jpg,960,720,ball,546,460,570,484
294_55-framed5150-1.jpg,960,720,ball,515,451,540,469
294_55-framed5007-1.jpg,960,720,ball,466,452,482,479
294_55-framed4007-1.jpg,960,720,ball,471,411,496,433
294_55-framed3721-1.jpg,960,720,ball,543,386,576,416
294_55-framed3435-1.jpg,960,720,ball,549,350,586,378
294_55-framed3006-1.jpg,960,720,ball,517,358,545,380
294_55-framed2292-1.jpg,960,720,ball,537,484,567,509
294_55-framed2149-1.jpg,960,720,ball,521,466,548,491
294_55-framed17011-1.jpg,960,720,ball,457,531,493,564
294_55-framed16868-1.jpg,960,720,ball,469,484,512,523
294_55-framed16725-1.jpg,960,720,ball,490,513,526,542
294_55-framed16582-1.jpg,960,720,ball,482,527,529,570
294_55-framed15867-1.jpg,960,720,ball,429,429,466,465
294_55-framed15582-1.jpg,960,720,ball,421,438,460,479
294_55-framed15439-1.jpg,960,720,ball,370,460,408,499
294_55-framed14724-1.jpg,960,720,ball,330,471,358,506
294_55-framed13867-1.jpg,960,720,ball,452,419,490,458
294_55-framed13581-1.jpg,960,720,ball,405,407,444,449
294_55-framed13152-1.jpg,960,720,ball,462,422,491,465
294_55-framed1292-1.jpg,960,720,ball,637,452,661,479
294_55-framed12866-1.jpg,960,720,ball,496,350,534,394
294_55-framed12724-1.jpg,960,720,ball,518,380,553,418
294_55-framed12581-1.jpg,960,720,ball,495,391,543,430
294_55-framed12152-1.jpg,960,720,ball,487,403,518,441
294_55-framed11866-1.jpg,960,720,ball,414,419,452,447
294_55-framed11580-1.jpg,960,720,ball,413,427,454,466
294_55-framed11437-1.jpg,960,720,ball,436,465,474,502
294_55-framed11152-1.jpg,960,720,ball,416,488,460,523
294_55-framed10580-1.jpg,960,720,ball,377,476,408,517
294_55-framed10294-1.jpg,960,720,ball,240,524,281,562
294_55-framed10008-1.jpg,960,720,ball,562,496,595,529
294_54-framed974-1.jpg,1280,576,ball,567,349,607,393
294_54-framed831-1.jpg,1280,576,ball,598,383,630,416
294_54-framed404.jpg,1280,720,ball,607,175,1142,672
294_54-framed3681-1.jpg,1280,576,ball,340,324,482,452
294_54-framed3396-1.jpg,1280,576,ball,385,175,457,243
294_54-framed2256-1.jpg,1280,576,ball,641,260,710,334
294_54-framed2114-1.jpg,1280,576,ball,645,264,712,334
294_54-framed1686-1.jpg,1280,576,ball,643,260,713,336
294_54-framed1544-1.jpg,1280,576,ball,643,262,713,334
294_54-framed1401-1.jpg,1280,576,ball,645,256,713,332
294_54-framed1116-1.jpg,1280,576,ball,605,336,645,378
291_7-framed9889.jpg,1280,720,ball,712,311,756,354
291_7-framed9316.jpg,1280,720,ball,716,309,752,354
291_7-framed8743.jpg,1280,720,ball,714,309,748,352
291_7-framed722.jpg,1280,720,ball,514,360,553,401
291_7-framed6451.jpg,1280,720,ball,661,333,685,370
291_7-framed6308.jpg,1280,720,ball,671,338,697,374
291_7-framed6165.jpg,1280,720,ball,671,342,704,376
291_7-framed5592.jpg,1280,720,ball,763,374,801,419
291_7-framed4876.jpg,1280,720,ball,809,401,846,445
291_7-framed4733.jpg,1280,720,ball,805,403,854,447
291_7-framed4589.jpg,1280,720,ball,805,394,850,445
291_7-framed4446.jpg,1280,720,ball,769,372,809,425
291_7-framed436.jpg,1280,720,ball,486,370,516,407
291_7-framed4303.jpg,1280,720,ball,765,386,801,421
291_7-framed4017.jpg,1280,720,ball,763,358,809,405
291_7-framed3873-1.jpg,960,720,ball,695,358,734,400
291_7-framed3730-1.jpg,960,720,ball,697,366,738,400
291_7-framed3300-1.jpg,960,720,ball,656,331,688,364
291_7-framed2728-1.jpg,960,720,ball,581,316,610,343
291_7-framed2298-1.jpg,960,720,ball,474,279,496,299
291_7-framed2011-1.jpg,960,720,ball,456,297,480,320
291_7-framed1725-1.jpg,960,720,ball,397,313,415,337
291_7-framed1582-1.jpg,960,720,ball,369,320,395,355
291_7-framed150.jpg,1280,720,ball,482,354,514,394
291_7-framed10032.jpg,1280,720,ball,327,317,354,354
291_6-framed991.jpg,1280,720,ball,472,380,525,437
291_6-framed878.jpg,1280,720,ball,618,281,716,354
291_6-framed822.jpg,1280,720,ball,602,252,681,327
291_6-framed541.jpg,1280,720,ball,417,336,525,451
291_6-framed429.jpg,1280,720,ball,441,415,531,506
291_6-framed373.jpg,1280,720,ball,659,384,714,468
291_6-framed3573.jpg,1280,720,ball,268,376,344,460
291_6-framed3461.jpg,1280,720,ball,799,427,876,521
291_6-framed2619.jpg,1280,720,ball,1055,370,1129,439
291_6-framed261.jpg,1280,720,ball,610,401,665,439
291_6-framed2563.jpg,1280,720,ball,1009,382,1096,458
291_6-framed2282.jpg,1280,720,ball,840,413,903,478
291_6-framed2113.jpg,1280,720,ball,758,478,858,559
291_6-framed2057.jpg,1280,720,ball,748,433,805,490
291_6-framed1777.jpg,1280,720,ball,258,405,405,551
291_6-framed1608.jpg,1280,720,ball,368,482,433,563
291_6-framed1552.jpg,1280,720,ball,390,478,470,553
291_6-framed1327.jpg,1280,720,ball,453,264,510,321
291_6-framed1159.jpg,1280,720,ball,580,305,630,350
291_6-framed1103.jpg,1280,720,ball,506,407,573,468
291_6-framed1047.jpg,1280,720,ball,468,415,521,466
291_5-framed7939.jpg,1280,504,ball,67,73,142,132
291_5-framed7656.jpg,1280,504,ball,779,53,854,120
291_5-framed7656.jpg,1280,504,ball,358,197,449,275
291_5-framed6523.jpg,1280,504,ball,126,382,272,504
291_5-framed6381.jpg,1280,504,ball,494,319,606,427
291_5-framed6239.jpg,1280,504,ball,289,305,415,415
291_5-framed6098.jpg,1280,504,ball,338,277,443,382
291_5-framed5814.jpg,1280,504,ball,209,191,297,272
291_5-framed1565.jpg,1280,720,ball,228,482,386,665
291_4-framed9860-1.jpg,1280,598,ball,547,254,602,313
291_4-framed9574-1.jpg,1280,598,ball,506,268,606,368
291_4-framed9431-1.jpg,1280,598,ball,510,270,602,354
291_4-framed9146-1.jpg,1280,598,ball,527,254,602,340
291_4-framed9146-1.jpg,1280,598,ball,525,250,616,342
291_4-framed8860-1.jpg,1280,598,ball,431,264,541,360
291_4-framed8717-1.jpg,1280,598,ball,1222,289,1281,419
291_4-framed8717-1.jpg,1280,598,ball,1218,275,1281,413
291_4-framed863-1.jpg,1280,598,ball,1155,250,1198,315
291_4-framed8432-1.jpg,1280,598,ball,970,305,1090,407
291_4-framed8289-1.jpg,1280,598,ball,775,307,876,415
291_4-framed8146-1.jpg,1280,598,ball,795,307,893,417
291_4-framed7289-1.jpg,1280,598,ball,458,262,535,327
291_4-framed6290-1.jpg,1280,598,ball,183,45,291,140
291_4-framed6004-1.jpg,1280,598,ball,539,92,622,171
291_4-framed5147-1.jpg,1280,598,ball,950,248,1063,370
291_4-framed4719-1.jpg,1280,598,ball,728,368,789,427
291_4-framed4433-1.jpg,1280,598,ball,638,388,708,462
291_4-framed3290-1.jpg,1280,598,ball,559,415,636,492
291_4-framed2719-1.jpg,1280,598,ball,1017,256,1143,364
291_4-framed2434-1.jpg,1280,598,ball,807,246,923,370
291_4-framed2005-1.jpg,1280,598,ball,565,144,663,238
291_4-framed17001-1.jpg,1280,598,ball,561,16,638,102
291_4-framed15287-1.jpg,1280,598,ball,519,360,608,441
291_4-framed14858-1.jpg,1280,598,ball,484,340,541,413
291_4-framed14716-1.jpg,1280,598,ball,435,325,506,401
291_4-framed14430-1.jpg,1280,598,ball,555,319,634,380
291_4-framed14287-1.jpg,1280,598,ball,584,323,653,403
291_4-framed13859-1.jpg,1280,598,ball,569,325,634,388
291_4-framed13287-1.jpg,1280,598,ball,569,317,634,386
291_4-framed13002-1.jpg,1280,598,ball,553,340,622,417
291_4-framed1291-1.jpg,1280,598,ball,671,100,740,157
291_4-framed12431-1.jpg,1280,598,ball,756,258,834,323
291_4-framed12288-1.jpg,1280,598,ball,779,268,846,325
291_4-framed12002-1.jpg,1280,598,ball,909,268,1019,397
291_4-framed1148-1.jpg,1280,598,ball,673,250,734,325
291_4-framed11431-1.jpg,1280,598,ball,724,297,838,425
291_4-framed11145-1.jpg,1280,598,ball,413,252,529,356
291_4-framed10288-1.jpg,1280,598,ball,541,242,600,311
291_3-framed9961.jpg,1280,720,ball,647,431,740,531
291_3-framed9677.jpg,1280,720,ball,405,415,496,512
291_3-framed9535.jpg,1280,720,ball,281,403,372,506
291_3-framed9250.jpg,1280,720,ball,281,419,382,500
291_3-framed8824.jpg,1280,720,ball,750,478,862,549
291_3-framed8539.jpg,1280,720,ball,480,439,545,508
291_3-framed8113.jpg,1280,720,ball,20,582,124,706
291_3-framed7970.jpg,1280,720,ball,297,553,433,681
291_3-framed7828.jpg,1280,720,ball,695,537,824,636
291_3-framed7686.jpg,1280,720,ball,710,525,840,634
291_3-framed7402.jpg,1280,720,ball,669,435,734,506
291_3-framed717.jpg,1280,720,ball,685,291,746,348
291_3-framed6264.jpg,1280,720,ball,689,403,791,506
291_3-framed6122.jpg,1280,720,ball,594,405,677,504
291_3-framed5411.jpg,1280,720,ball,264,248,494,470
291_3-framed5126.jpg,1280,720,ball,1076,138,1234,372
291_3-framed5126.jpg,1280,720,ball,496,266,651,445
291_3-framed5126.jpg,1280,720,ball,340,307,435,415
291_3-framed4273.jpg,1280,720,ball,740,397,840,504
291_3-framed4131.jpg,1280,720,ball,785,374,880,476
291_3-framed3562.jpg,1280,720,ball,516,628,691,720
291_3-framed3419.jpg,1280,720,ball,594,514,748,699
291_3-framed2993.jpg,1280,720,ball,718,423,844,557
291_3-framed2851.jpg,1280,720,ball,616,411,746,543
291_3-framed2708.jpg,1280,720,ball,917,415,1065,557
291_3-framed2424.jpg,1280,720,ball,641,417,681,490
291_3-framed2424.jpg,1280,720,ball,649,415,673,486
291_3-framed2282.jpg,1280,720,ball,791,409,828,494
291_3-framed2282.jpg,1280,720,ball,765,411,836,506
291_3-framed2140.jpg,1280,720,ball,616,443,704,555
291_3-framed1997.jpg,1280,720,ball,702,451,803,545
291_3-framed1713.jpg,1280,720,ball,460,443,608,586
291_3-framed16930.jpg,1280,720,ball,783,266,842,327
291_3-framed16503.jpg,1280,720,ball,679,427,846,594
291_3-framed15792.jpg,1280,720,ball,553,447,671,551
291_3-framed1571.jpg,1280,720,ball,763,358,817,468
291_3-framed15650.jpg,1280,720,ball,571,431,655,549
291_3-framed15508.jpg,1280,720,ball,498,441,602,549
291_3-framed15366.jpg,1280,720,ball,626,453,738,571
291_3-framed15223.jpg,1280,720,ball,805,474,933,602
291_3-framed14655.jpg,1280,720,ball,641,346,720,443
291_3-framed1428.jpg,1280,720,ball,498,356,569,455
291_3-framed13944.jpg,1280,720,ball,488,317,580,411
291_3-framed13801.jpg,1280,720,ball,1070,295,1137,370
291_3-framed13659.jpg,1280,720,ball,447,329,537,423
291_3-framed1286.jpg,1280,720,ball,386,374,462,445
291_3-framed12806.jpg,1280,720,ball,710,386,754,451
291_3-framed12237.jpg,1280,720,ball,742,504,817,592
291_3-framed11810.jpg,1280,720,ball,150,405,226,462
291_3-framed11526.jpg,1280,720,ball,901,555,1004,661
291_3-framed11384.jpg,1280,720,ball,390,555,502,663
291_3-framed10388.jpg,1280,720,ball,575,421,677,543
291_3-framed1002.jpg,1280,720,ball,697,364,773,445
291_2-framed881.jpg,1280,720,ball,834,447,915,519
291_2-framed672.jpg,1280,720,ball,590,462,675,563
291_2-framed567.jpg,1280,720,ball,895,502,1009,626
291_2-framed358.jpg,1280,720,ball,567,378,657,484
291_2-framed306.jpg,1280,720,ball,612,384,691,482
291_2-framed149.jpg,1280,720,ball,612,429,669,484
291_2-framed1352.jpg,1280,720,ball,716,464,809,557
291_2-framed1300.jpg,1280,720,ball,769,453,852,531
291_2-framed1091.jpg,1280,720,ball,250,468,354,543
291_2-framed1038.jpg,1280,720,ball,317,490,415,590
291_12-framed573.jpg,1280,720,ball,439,516,500,582
291_12-framed4961.jpg,1280,720,ball,539,368,616,455
291_12-framed432.jpg,1280,720,ball,472,514,527,563
291_12-framed4254.jpg,1280,720,ball,614,460,691,531
291_12-framed3970.jpg,1280,720,ball,1074,516,1141,580
291_12-framed3829.jpg,1280,720,ball,777,490,821,535
291_12-framed3404.jpg,1280,720,ball,533,484,586,527
291_12-framed3121.jpg,1280,720,ball,854,464,905,512
291_12-framed2838.jpg,1280,720,ball,939,492,984,541
291_12-framed2697.jpg,1280,720,ball,502,451,559,506
291_12-framed2555.jpg,1280,720,ball,338,421,394,484
291_12-framed2130.jpg,1280,720,ball,801,392,891,472
291_12-framed1989.jpg,1280,720,ball,592,297,616,348
291_12-framed1847.jpg,1280,720,ball,531,382,592,443
291_12-framed149.jpg,1280,720,ball,636,392,677,427
291_11-framed6428.jpg,1280,720,ball,1017,565,1074,614
291_11-framed6285.jpg,1280,720,ball,435,584,512,655
291_11-framed5999.jpg,1280,720,ball,193,427,230,464
291_11-framed5714.jpg,1280,720,ball,677,525,734,586
291_11-framed5571.jpg,1280,720,ball,647,504,695,565
291_11-framed5429.jpg,1280,720,ball,832,429,880,492
291_11-framed5001.jpg,1280,720,ball,382,464,482,547
291_11-framed4430.jpg,1280,720,ball,787,382,864,484
291_11-framed434.jpg,1280,720,ball,411,484,472,555
291_11-framed4287.jpg,1280,720,ball,773,620,868,720
291_11-framed4144.jpg,1280,720,ball,952,596,1035,679
291_11-framed3859.jpg,1280,720,ball,144,586,311,720
291_11-framed3573.jpg,1280,720,ball,96,506,226,626
291_11-framed3288.jpg,1280,720,ball,807,547,880,618
291_11-framed149.jpg,1280,720,ball,559,419,626,486
291_11-framed1290.jpg,1280,720,ball,502,327,561,386
291_11-framed1147.jpg,1280,720,ball,789,295,864,380
291_11-framed1005.jpg,1280,720,ball,679,482,777,575
291_10-framed9427.jpg,1280,720,ball,559,205,588,234
291_10-framed9427.jpg,1280,720,ball,327,98,346,114
291_10-framed9427.jpg,1280,720,ball,301,89,319,108
291_10-framed8620.jpg,1280,720,ball,327,96,346,112
291_10-framed8620.jpg,1280,720,ball,299,89,321,108
292_24-framed719-1.jpg,1280,598,ball,695,167,740,214
292_24-framed6857-1.jpg,1280,598,ball,573,359,657,450
292_24-framed6714-1.jpg,1280,598,ball,676,307,742,374
292_24-framed577-1.jpg,1280,598,ball,886,167,941,220
292_24-framed5715-1.jpg,1280,598,ball,321,321,425,417
292_24-framed5429-1.jpg,1280,598,ball,693,266,750,315
292_24-framed5287-1.jpg,1280,598,ball,695,266,746,315
292_24-framed3717-1.jpg,1280,598,ball,793,80,835,125
292_24-framed3003-1.jpg,1280,598,ball,657,292,704,340
292_24-framed2860-1.jpg,1280,598,ball,655,296,696,340
292_24-framed2575-1.jpg,1280,598,ball,649,324,729,399
292_24-framed2432-1.jpg,1280,598,ball,638,349,746,457
292_24-framed2004-1.jpg,1280,598,ball,770,239,822,288
292_24-framed1861-1.jpg,1280,598,ball,660,309,725,370
292_24-framed18560-1.jpg,1280,598,ball,672,304,736,362
292_24-framed18132-1.jpg,1280,598,ball,611,275,657,324
292_24-framed17704-1.jpg,1280,598,ball,287,178,380,273
292_24-framed17561-1.jpg,1280,598,ball,510,171,603,271
292_24-framed17133-1.jpg,1280,598,ball,522,159,622,268
292_24-framed16847-1.jpg,1280,598,ball,552,211,649,304
292_24-framed16705-1.jpg,1280,598,ball,552,197,649,304
292_24-framed16419-1.jpg,1280,598,ball,605,205,668,266
292_24-framed16276-1.jpg,1280,598,ball,357,101,406,152
292_24-framed16134-1.jpg,1280,598,ball,357,104,416,163
292_24-framed15706-1.jpg,1280,598,ball,704,250,793,336
292_24-framed13993-1.jpg,1280,598,ball,1051,273,1116,334
292_24-framed12708-1.jpg,1280,598,ball,393,321,495,417
292_24-framed12423-1.jpg,1280,598,ball,482,0,537,33
292_24-framed11852-1.jpg,1280,598,ball,860,252,922,319
292_24-framed11709-1.jpg,1280,598,ball,611,252,672,306
292_24-framed11567-1.jpg,1280,598,ball,825,269,884,328
292_24-framed11424-1.jpg,1280,598,ball,685,268,746,324
292_24-framed11281-1.jpg,1280,598,ball,913,262,972,315
292_24-framed11138-1.jpg,1280,598,ball,433,233,488,287
292_24-framed10996-1.jpg,1280,598,ball,275,220,330,277
292_24-framed10853-1.jpg,1280,598,ball,649,194,700,250
292_24-framed10139-1.jpg,1280,598,ball,653,233,734,313
292_24-framed1005-1.jpg,1280,598,ball,727,159,778,214
292_23-framed961-1.jpg,1280,598,ball,575,441,659,527
292_23-framed9495-1.jpg,1280,598,ball,390,232,464,315
292_23-framed8682-1.jpg,1280,598,ball,460,319,506,378
292_23-framed7057-1.jpg,1280,598,ball,726,348,801,460
292_23-framed6244-1.jpg,1280,598,ball,1253,378,1281,466
292_23-framed555-1.jpg,1280,598,ball,685,270,736,321
292_23-framed4618-1.jpg,1280,598,ball,773,277,813,329
292_23-framed3399-1.jpg,1280,598,ball,870,344,964,451
292_23-framed20060-1.jpg,1280,598,ball,681,289,799,394
292_23-framed18434-1.jpg,1280,598,ball,730,277,813,358
292_23-framed18028-1.jpg,1280,598,ball,462,336,541,415
292_23-framed15590-1.jpg,1280,598,ball,815,423,915,500
292_23-framed12339-1.jpg,1280,598,ball,537,307,600,394
292_23-framed10307-1.jpg,1280,598,ball,964,419,1059,521
292_22-framed886.jpg,1280,720,ball,260,468,346,561
292_22-framed602.jpg,1280,720,ball,722,417,779,486
292_22-framed546.jpg,1280,720,ball,758,388,809,445
292_22-framed4291.jpg,1280,720,ball,500,342,553,413
292_22-framed4064.jpg,1280,720,ball,612,376,665,441
292_22-framed3497.jpg,1280,720,ball,293,421,370,508
292_22-framed3440.jpg,1280,720,ball,596,443,665,525
292_22-framed3326.jpg,1280,720,ball,657,449,744,539
292_22-framed3270.jpg,1280,720,ball,626,462,702,543
292_22-framed3213.jpg,1280,720,ball,586,399,659,472
292_22-framed3156.jpg,1280,720,ball,435,412,574,559
292_22-framed3043.jpg,1280,720,ball,247,404,391,532
292_22-framed2929.jpg,1280,720,ball,339,368,458,500
292_22-framed2702.jpg,1280,720,ball,787,352,900,446
292_22-framed2532.jpg,1280,720,ball,703,442,816,565
292_22-framed2248.jpg,1280,720,ball,406,517,502,601
292_22-framed2191.jpg,1280,720,ball,728,515,827,613
292_22-framed1851.jpg,1280,720,ball,802,410,854,461
292_22-framed1794.jpg,1280,720,ball,800,410,864,456
292_22-framed1681.jpg,1280,720,ball,814,423,871,469
292_22-framed1283.jpg,1280,720,ball,754,530,877,641
292_22-framed1227.jpg,1280,720,ball,655,532,747,622
292_22-framed1170.jpg,1280,720,ball,609,509,716,624
292_21-framed5593.jpg,1280,720,ball,306,400,368,456
292_21-framed5306.jpg,1280,720,ball,774,245,831,314
292_21-framed5163.jpg,1280,720,ball,814,347,864,410
292_21-framed4876.jpg,1280,720,ball,624,356,689,423
292_21-framed4733.jpg,1280,720,ball,917,542,982,603
292_21-framed3873.jpg,1280,720,ball,126,333,195,408
292_21-framed2727.jpg,1280,720,ball,398,534,425,559
292_21-framed2584.jpg,1280,720,ball,661,429,695,458
292_21-framed1008.jpg,1280,720,ball,632,475,664,502
292_20-framed867.jpg,1280,720,ball,827,383,896,467
292_20-framed723.jpg,1280,720,ball,888,400,971,471
292_20-framed5036.jpg,1280,720,ball,463,425,521,496
292_20-framed4892.jpg,1280,720,ball,458,437,527,500
292_20-framed4748.jpg,1280,720,ball,712,444,783,525
292_20-framed4604.jpg,1280,720,ball,287,387,364,444
292_20-framed3311.jpg,1280,720,ball,1191,354,1281,435
292_20-framed292.jpg,1280,720,ball,798,358,848,400
292_20-framed2880.jpg,1280,720,ball,789,362,844,429
292_20-framed2448.jpg,1280,720,ball,798,371,864,442
292_20-framed1873.jpg,1280,720,ball,906,423,1019,534
292_20-framed1442.jpg,1280,720,ball,858,283,942,366
292_19-framed722.jpg,1280,720,ball,940,431,1038,515
292_19-framed6605.jpg,1280,720,ball,919,461,1042,580
292_19-framed6031.jpg,1280,720,ball,850,398,978,542
292_19-framed5888.jpg,1280,720,ball,622,389,777,504
292_19-framed5601.jpg,1280,720,ball,450,362,584,488
292_19-framed5314.jpg,1280,720,ball,756,446,883,580
292_19-framed5027.jpg,1280,720,ball,588,350,714,458
292_19-framed4596.jpg,1280,720,ball,590,448,664,521
292_19-framed4022.jpg,1280,720,ball,1009,425,1107,530
292_19-framed3735.jpg,1280,720,ball,710,379,756,414
292_19-framed292.jpg,1280,720,ball,844,406,911,467
292_19-framed2731.jpg,1280,720,ball,609,394,653,427
292_19-framed2588.jpg,1280,720,ball,299,433,368,511
292_19-framed2444.jpg,1280,720,ball,408,356,504,444
292_19-framed2157.jpg,1280,720,ball,1038,425,1135,527
292_19-framed2014.jpg,1280,720,ball,770,360,850,444
292_19-framed1870.jpg,1280,720,ball,500,454,613,546
292_19-framed1727.jpg,1280,720,ball,651,394,745,494
292_19-framed1583.jpg,1280,720,ball,308,433,410,523
292_19-framed1296.jpg,1280,720,ball,609,530,714,641
292_18-framed9960.jpg,1280,720,ball,756,473,816,530
292_18-framed9533.jpg,1280,720,ball,795,474,840,531
292_18-framed9107.jpg,1280,720,ball,737,530,812,601
292_18-framed8965.jpg,1280,720,ball,741,521,812,601
292_18-framed860.jpg,1280,720,ball,875,358,921,402
292_18-framed8538.jpg,1280,720,ball,735,519,802,590
292_18-framed8254.jpg,1280,720,ball,735,523,802,607
292_18-framed8112.jpg,1280,720,ball,1130,387,1197,446
292_18-framed7827.jpg,1280,720,ball,1149,391,1199,456
292_18-framed7258.jpg,1280,720,ball,1137,381,1202,448
292_18-framed7116.jpg,1280,720,ball,1143,373,1202,461
292_18-framed6832.jpg,1280,720,ball,1137,398,1191,458
292_18-framed6548.jpg,1280,720,ball,1139,379,1202,458
292_18-framed6405.jpg,1280,720,ball,1139,387,1204,450
292_18-framed5837.jpg,1280,720,ball,766,301,806,347
292_18-framed576.jpg,1280,720,ball,762,310,816,364
292_18-framed5694.jpg,1280,720,ball,756,297,802,343
292_18-framed4984.jpg,1280,720,ball,760,306,798,350
292_18-framed4841.jpg,1280,720,ball,762,308,800,341
292_18-framed4557.jpg,1280,720,ball,760,301,800,350
292_18-framed434.jpg,1280,720,ball,772,322,808,373
292_18-framed434.jpg,1280,720,ball,770,324,808,364
292_18-framed4273.jpg,1280,720,ball,542,276,571,310
292_18-framed4131.jpg,1280,720,ball,523,272,553,308
292_18-framed3704.jpg,1280,720,ball,517,268,555,299
292_18-framed3135.jpg,1280,720,ball,517,270,553,308
292_18-framed2993.jpg,1280,720,ball,517,266,544,310
292_18-framed2851.jpg,1280,720,ball,515,266,546,312
292_18-framed2282.jpg,1280,720,ball,515,268,553,310
292_18-framed18775.jpg,1280,720,ball,0,425,25,473
292_18-framed18491.jpg,1280,720,ball,63,410,115,467
292_18-framed18348.jpg,1280,720,ball,73,412,121,461
292_18-framed18064.jpg,1280,720,ball,134,404,180,440
292_18-framed17922.jpg,1280,720,ball,140,402,190,448
292_18-framed17780.jpg,1280,720,ball,232,381,289,427
292_18-framed17638.jpg,1280,720,ball,241,375,285,423
292_18-framed1713.jpg,1280,720,ball,1208,175,1246,224
292_18-framed15505.jpg,1280,720,ball,239,408,299,452
292_18-framed15363.jpg,1280,720,ball,243,414,304,458
292_18-framed14936.jpg,1280,720,ball,209,396,270,454
292_18-framed14794.jpg,1280,720,ball,230,406,272,450
292_18-framed1429.jpg,1280,720,ball,1143,437,1214,488
292_18-framed11524.jpg,1280,720,ball,297,414,360,465
292_18-framed1145.jpg,1280,720,ball,1149,440,1199,494
292_18-framed10955.jpg,1280,720,ball,458,484,515,534
292_18-framed1003.jpg,1280,720,ball,879,358,923,400
292_17-framed9813.jpg,1280,720,ball,324,203,356,239
292_17-framed9008.jpg,1280,720,ball,343,213,379,247
292_17-framed8202.jpg,1280,720,ball,533,252,582,298
292_17-framed7397.jpg,1280,720,ball,539,252,576,292
292_17-framed6189.jpg,1280,720,ball,539,252,578,296
292_17-framed5787.jpg,1280,720,ball,539,260,578,296
292_17-framed4176.jpg,1280,720,ball,320,200,354,232
292_17-framed30751.jpg,1280,720,ball,313,194,347,224
292_17-framed29945.jpg,1280,720,ball,401,220,439,252
292_17-framed27932.jpg,1280,720,ball,392,217,426,254
292_17-framed27529.jpg,1280,720,ball,539,262,578,298
292_17-framed27127.jpg,1280,720,ball,541,260,580,298
292_17-framed26724.jpg,1280,720,ball,556,254,588,292
292_17-framed25516.jpg,1280,720,ball,292,194,320,222
292_17-framed24308.jpg,1280,720,ball,537,256,578,301
292_17-framed2163.jpg,1280,720,ball,565,262,612,307
292_17-framed21490.jpg,1280,720,ball,315,194,352,230
292_17-framed21087.jpg,1280,720,ball,539,252,576,296
292_17-framed20684.jpg,1280,720,ball,541,258,578,298
292_17-framed18269.jpg,1280,720,ball,256,192,292,222
292_17-framed17866.jpg,1280,720,ball,296,213,337,243
292_17-framed1760.jpg,1280,720,ball,554,168,595,211
292_17-framed17463.jpg,1280,720,ball,301,215,333,241
292_17-framed16658.jpg,1280,720,ball,533,252,576,301
292_17-framed16255.jpg,1280,720,ball,531,249,567,303
292_17-framed15450.jpg,1280,720,ball,320,190,356,224
292_17-framed15047.jpg,1280,720,ball,320,194,350,228
292_17-framed12229.jpg,1280,720,ball,392,183,422,220
292_17-framed11424.jpg,1280,720,ball,379,203,416,232
292_16-framed9545-1.jpg,896,720,ball,187,292,206,316
292_16-framed558-1.jpg,896,720,ball,58,331,88,357
292_16-framed4643-1.jpg,896,720,ball,272,385,309,421
292_16-framed3417-1.jpg,896,720,ball,269,330,300,357
292_16-framed19757-1.jpg,896,720,ball,57,179,85,206
292_16-framed18532-1.jpg,896,720,ball,124,307,155,333
292_16-framed1783-1.jpg,896,720,ball,73,289,100,313
292_16-framed15672-1.jpg,896,720,ball,133,316,167,345
292_16-framed15264-1.jpg,896,720,ball,189,337,224,369
292_16-framed150-1.jpg,896,720,ball,128,360,160,394
292_16-framed14855-1.jpg,896,720,ball,191,336,219,369
292_16-framed14447-1.jpg,896,720,ball,185,340,209,363
292_16-framed12404-1.jpg,896,720,ball,151,258,173,282
292_16-framed11996-1.jpg,896,720,ball,78,264,98,284
292_15-framed834.jpg,1280,720,ball,727,544,797,625
292_15-framed548.jpg,1280,720,ball,341,428,426,514
292_15-framed491.jpg,1280,720,ball,301,407,388,488
292_15-framed4605.jpg,1280,720,ball,537,354,637,456
291_10-framed8217.jpg,1280,720,ball,325,98,344,110
291_10-framed8217.jpg,1280,720,ball,297,87,321,110
291_10-framed7410.jpg,1280,720,ball,297,87,319,108
291_10-framed7410.jpg,1280,720,ball,327,98,346,114
291_10-framed7410.jpg,1280,720,ball,567,207,596,236
291_10-framed553.jpg,1280,720,ball,325,94,346,116
291_10-framed553.jpg,1280,720,ball,299,85,321,106
291_10-framed5393.jpg,1280,720,ball,325,94,344,110
291_10-framed5393.jpg,1280,720,ball,301,89,321,108
291_10-framed53797.jpg,1280,720,ball,161,61,197,94
291_10-framed53797.jpg,1280,720,ball,704,83,740,120
291_10-framed53797.jpg,1280,720,ball,744,94,781,132
291_10-framed53393.jpg,1280,720,ball,750,94,781,130
291_10-framed52990.jpg,1280,720,ball,714,92,742,122
291_10-framed52990.jpg,1280,720,ball,752,94,779,126
291_10-framed52990.jpg,1280,720,ball,1236,179,1275,224
291_10-framed52183.jpg,1280,720,ball,706,87,744,122
291_10-framed52183.jpg,1280,720,ball,752,94,779,124
291_10-framed52183.jpg,1280,720,ball,1068,209,1114,256
291_10-framed51780.jpg,1280,720,ball,708,81,740,120
291_10-framed50973.jpg,1280,720,ball,716,83,740,124
291_10-framed50973.jpg,1280,720,ball,756,96,779,134
291_10-framed50973.jpg,1280,720,ball,1025,201,1055,256
291_10-framed4990.jpg,1280,720,ball,289,77,323,112
291_10-framed4990.jpg,1280,720,ball,348,20,390,69
291_10-framed49360.jpg,1280,720,ball,858,201,903,246
291_10-framed48553.jpg,1280,720,ball,710,79,742,130
291_10-framed47746.jpg,1280,720,ball,960,209,998,258
291_10-framed46536.jpg,1280,720,ball,962,222,1015,272
291_10-framed4586.jpg,1280,720,ball,297,79,325,122
291_10-framed4586.jpg,1280,720,ball,315,85,350,122
291_10-framed45730.jpg,1280,720,ball,746,8,781,49
291_10-framed44923.jpg,1280,720,ball,744,96,781,126
291_10-framed44923.jpg,1280,720,ball,218,441,287,527
291_10-framed44116.jpg,1280,720,ball,704,85,738,126
291_10-framed44116.jpg,1280,720,ball,750,96,787,128
291_10-framed42503.jpg,1280,720,ball,242,81,275,118
291_10-framed42503.jpg,1280,720,ball,460,291,531,342
291_10-framed4183.jpg,1280,720,ball,293,83,323,116
291_10-framed4183.jpg,1280,720,ball,317,92,348,122
291_10-framed41696.jpg,1280,720,ball,610,254,665,307
291_10-framed41293.jpg,1280,720,ball,657,248,718,293
291_10-framed40889.jpg,1280,720,ball,242,85,279,120
291_10-framed40889.jpg,1280,720,ball,689,205,736,246
291_10-framed40486.jpg,1280,720,ball,754,181,803,220
291_10-framed40486.jpg,1280,720,ball,248,89,279,118
291_10-framed40486.jpg,1280,720,ball,287,81,319,120
291_10-framed40082.jpg,1280,720,ball,250,87,275,126
291_10-framed40082.jpg,1280,720,ball,287,89,315,120
291_10-framed40082.jpg,1280,720,ball,756,181,793,216
291_10-framed39679.jpg,1280,720,ball,787,175,819,214
291_10-framed39679.jpg,1280,720,ball,291,83,317,122
291_10-framed39679.jpg,1280,720,ball,246,83,275,126
291_10-framed39276.jpg,1280,720,ball,250,85,275,114
291_10-framed39276.jpg,1280,720,ball,291,89,319,124
291_10-framed39276.jpg,1280,720,ball,832,179,880,220
291_10-framed38469.jpg,1280,720,ball,246,89,275,120
291_10-framed38469.jpg,1280,720,ball,285,87,319,120
291_10-framed38469.jpg,1280,720,ball,824,181,862,226
291_10-framed38066.jpg,1280,720,ball,246,85,275,116
291_10-framed38066.jpg,1280,720,ball,283,85,319,122
291_10-framed38066.jpg,1280,720,ball,824,179,858,230
291_10-framed3780.jpg,1280,720,ball,319,85,352,128
291_10-framed3780.jpg,1280,720,ball,291,89,317,126
291_10-framed37259.jpg,1280,720,ball,291,89,317,126
291_10-framed37259.jpg,1280,720,ball,732,159,765,199
291_10-framed36452.jpg,1280,720,ball,250,83,277,118
291_10-framed35645.jpg,1280,720,ball,600,159,628,201
291_10-framed35645.jpg,1280,720,ball,289,92,315,114
291_10-framed35645.jpg,1280,720,ball,246,92,272,114
291_10-framed32822.jpg,1280,720,ball,262,83,291,112
291_10-framed32419.jpg,1280,720,ball,293,89,315,118
291_10-framed32419.jpg,1280,720,ball,260,87,299,118
291_10-framed32015.jpg,1280,720,ball,291,92,317,118
291_10-framed32015.jpg,1280,720,ball,262,83,291,110
291_10-framed31208.jpg,1280,720,ball,289,89,317,118
291_10-framed31208.jpg,1280,720,ball,262,87,293,112
291_10-framed30805.jpg,1280,720,ball,287,85,313,120
291_10-framed30805.jpg,1280,720,ball,260,85,295,116
291_10-framed29998.jpg,1280,720,ball,264,79,293,118
291_10-framed29192.jpg,1280,720,ball,291,87,319,120
291_10-framed29192.jpg,1280,720,ball,264,83,293,114
291_10-framed26368.jpg,1280,720,ball,289,98,317,120
291_10-framed26368.jpg,1280,720,ball,260,89,289,120
291_10-framed25965.jpg,1280,720,ball,285,92,315,124
291_10-framed25965.jpg,1280,720,ball,256,89,293,122
291_10-framed2570.jpg,1280,720,ball,321,92,348,120
291_10-framed2570.jpg,1280,720,ball,293,81,327,118
291_10-framed2570.jpg,1280,720,ball,702,175,726,203
291_10-framed25561.jpg,1280,720,ball,287,96,313,126
291_10-framed25561.jpg,1280,720,ball,254,85,287,118
291_10-framed25158.jpg,1280,720,ball,289,92,307,126
291_10-framed25158.jpg,1280,720,ball,258,92,291,116
291_10-framed24351.jpg,1280,720,ball,287,96,311,124
291_10-framed24351.jpg,1280,720,ball,260,87,285,122
291_10-framed22334.jpg,1280,720,ball,287,92,315,120
291_10-framed22334.jpg,1280,720,ball,254,85,291,118
291_10-framed21931.jpg,1280,720,ball,285,100,315,120
291_10-framed21931.jpg,1280,720,ball,260,94,287,114
291_10-framed21124.jpg,1280,720,ball,260,92,289,116
291_10-framed21124.jpg,1280,720,ball,287,89,309,122
291_10-framed20318.jpg,1280,720,ball,289,98,311,120
291_10-framed20318.jpg,1280,720,ball,256,92,291,114
291_10-framed20318.jpg,1280,720,ball,610,165,647,201
291_10-framed19511.jpg,1280,720,ball,258,89,287,116
291_10-framed19511.jpg,1280,720,ball,289,98,313,122
291_10-framed19511.jpg,1280,720,ball,608,163,641,201
291_10-framed19108.jpg,1280,720,ball,260,92,289,118
291_10-framed19108.jpg,1280,720,ball,287,98,311,122
291_10-framed19108.jpg,1280,720,ball,529,207,565,244
291_10-framed17897.jpg,1280,720,ball,553,10,590,43
291_10-framed17091.jpg,1280,720,ball,325,96,346,114
291_10-framed17091.jpg,1280,720,ball,297,85,321,114
291_10-framed15074.jpg,1280,720,ball,325,94,346,118
291_10-framed15074.jpg,1280,720,ball,297,85,323,110
291_10-framed15074.jpg,1280,720,ball,634,161,665,193
291_10-framed14267.jpg,1280,720,ball,323,87,344,120
291_10-framed14267.jpg,1280,720,ball,577,171,606,207
291_10-framed13864.jpg,1280,720,ball,319,89,356,122
291_10-framed13864.jpg,1280,720,ball,293,83,323,112
291_10-framed13864.jpg,1280,720,ball,577,171,608,203
291_10-framed1360.jpg,1280,720,ball,293,83,327,112
291_10-framed1360.jpg,1280,720,ball,323,87,352,124
291_10-framed1360.jpg,1280,720,ball,561,201,602,248
291_10-framed13460.jpg,1280,720,ball,295,89,323,116
291_10-framed13460.jpg,1280,720,ball,323,92,348,114
291_10-framed13460.jpg,1280,720,ball,573,171,608,205
291_10-framed13057.jpg,1280,720,ball,291,85,325,114
291_10-framed13057.jpg,1280,720,ball,325,94,346,116
291_10-framed13057.jpg,1280,720,ball,445,242,480,287
291_10-framed12250.jpg,1280,720,ball,295,83,321,114
291_10-framed12250.jpg,1280,720,ball,323,89,346,120
291_10-framed12250.jpg,1280,720,ball,327,248,370,295
291_10-framed11847.jpg,1280,720,ball,325,92,346,116
291_10-framed11847.jpg,1280,720,ball,297,85,323,116
291_10-framed11847.jpg,1280,720,ball,295,250,338,289
291_10-framed11444.jpg,1280,720,ball,338,230,372,262
291_10-framed10637.jpg,1280,720,ball,327,98,346,120
291_10-framed10637.jpg,1280,720,ball,299,85,321,110
291_10-framed10637.jpg,1280,720,ball,577,203,604,226
291_1-framed7794.jpg,1280,720,ball,126,281,185,342
291_1-framed7391.jpg,1280,720,ball,126,285,179,342
291_1-framed5380.jpg,1280,720,ball,130,279,183,346
291_1-framed4575.jpg,1280,720,ball,130,289,185,340
291_1-framed44807.jpg,1280,720,ball,1100,191,1141,218
291_1-framed44405.jpg,1280,720,ball,1078,185,1106,218
291_1-framed42393.jpg,1280,720,ball,931,161,958,191
291_1-framed41991.jpg,1280,720,ball,923,157,968,199
291_1-framed4173.jpg,1280,720,ball,134,287,177,336
291_1-framed41588.jpg,1280,720,ball,893,177,939,216
291_1-framed39174.jpg,1280,720,ball,767,216,797,252
291_1-framed38772.jpg,1280,720,ball,763,220,799,250
291_1-framed3770.jpg,1280,720,ball,140,287,181,340
291_1-framed36761.jpg,1280,720,ball,893,216,927,254
291_1-framed36358.jpg,1280,720,ball,895,218,927,252
291_1-framed34347.jpg,1280,720,ball,765,220,797,254
291_1-framed32737.jpg,1280,720,ball,962,159,1017,207
291_1-framed30726.jpg,1280,720,ball,895,205,929,250
291_1-framed29921.jpg,1280,720,ball,872,207,917,254
291_1-framed29519.jpg,1280,720,ball,872,209,911,250
291_1-framed27507.jpg,1280,720,ball,893,207,929,244
291_1-framed27105.jpg,1280,720,ball,891,203,927,242
291_1-framed24691.jpg,1280,720,ball,889,205,931,240
291_1-framed24289.jpg,1280,720,ball,889,201,935,250
291_1-framed23886.jpg,1280,720,ball,893,205,935,248
291_1-framed23082.jpg,1280,720,ball,889,201,931,246
291_1-framed22277.jpg,1280,720,ball,895,199,929,256
291_1-framed2161.jpg,1280,720,ball,388,348,437,399
291_1-framed21472.jpg,1280,720,ball,889,207,927,246
291_1-framed21070.jpg,1280,720,ball,891,205,931,244
291_1-framed20668.jpg,1280,720,ball,891,205,935,256
291_1-framed19059.jpg,1280,720,ball,889,195,931,250
291_1-framed18656.jpg,1280,720,ball,880,209,933,244
291_1-framed17852.jpg,1280,720,ball,891,201,929,248
291_1-framed1759.jpg,1280,720,ball,561,295,594,323
291_1-framed17449.jpg,1280,720,ball,429,279,460,309
291_1-framed16242.jpg,1280,720,ball,423,272,462,309
291_1-framed15438.jpg,1280,720,ball,429,275,458,307
291_1-framed15035.jpg,1280,720,ball,628,252,665,289
291_1-framed150.jpg,1280,720,ball,641,238,677,270
291_1-framed13024.jpg,1280,720,ball,773,248,801,277
291_1-framed12621.jpg,1280,720,ball,821,211,846,242
291_1-framed11414.jpg,1280,720,ball,821,216,848,242
291_1-framed10610.jpg,1280,720,ball,142,301,173,331
